{
  "scripts": [
    {
      "Name": "Stream Sniper",
      "For": "Universal",
      "Content": "loadstring(game:HttpGet('https://raw.githubusercontent.com/Guest3D/ZirconHub/refs/heads/main/StreamSniper.lua'))()",
      "Views": 100,
      "Likes": 5,
      "Dislikes": 0
    },
    {
      "Name": "Unnamed Script",
      "For": "Restaurant Tycoon 2",
      "Content": "loadstring(game:HttpGet('https://i.uerd.de/rt3.lua'))()",
      "Views": 85,
      "Likes": 30,
      "Dislikes": 2
    },
    {
      "Name": "Unnamed ESP",
      "For": "Universal",
      "Content": "pcall(function() loadstring(game:HttpGet('https://raw.githubusercontent.com/ic3w0lf22/Unnamed-ESP/master/UnnamedESP.lua'))() end)",
      "Views": 100,
      "Likes": 29,
      "Dislikes": 1
    },
    {
      "Name": "Infinite Yield",
      "For": "Universal",
      "Content": "loadstring(game:HttpGet('https://raw.githubusercontent.com/DarkNetworks/Infinite-Yield/main/latest.lua'))()",
      "Views": 1840,
      "Likes": 100,
      "Dislikes": 20
    },
    {
        "Name": "Unanmed Script",
        "For": "Phantom Forces",
        "Content": "loadstring(game:HttpGet('https://raw.githubusercontent.com/bottomnoah/aaaaaaaaaaaaa/refs/heads/main/bye.lua'))()",
        "Views": 0,
        "Likes": 0,
        "Dislikes": 0
    }
  ]
}
